id	firstname	lastname	email	profession
1	Ursulina	Mayeda	Ursulina.Mayeda@yopmail.com	police officer
2	Gusella	Zrike	Gusella.Zrike@yopmail.com	worker
3	Karena	Pelagias	Karena.Pelagias@yopmail.com	worker
4	Cathyleen	Goldina	Cathyleen.Goldina@yopmail.com	police officer
5	Addia	Saunderson	Addia.Saunderson@yopmail.com	worker
6	Kayla	Daveta	Kayla.Daveta@yopmail.com	firefighter
7	Mara	Zitvaa	Mara.Zitvaa@yopmail.com	police officer
8	Dennie	MacIntosh	Dennie.MacIntosh@yopmail.com	police officer
9	Daphne	Sigfrid	Daphne.Sigfrid@yopmail.com	firefighter
10	Roxane	Halsey	Roxane.Halsey@yopmail.com	worker
11	Queenie	Malanie	Queenie.Malanie@yopmail.com	doctor
12	Malina	Niccolo	Malina.Niccolo@yopmail.com	firefighter
13	Andeee	Ietta	Andeee.Ietta@yopmail.com	worker
14	Randa	Cecile	Randa.Cecile@yopmail.com	firefighter
15	Rosanne	Nisbet	Rosanne.Nisbet@yopmail.com	developer
16	Linzy	Gwenore	Linzy.Gwenore@yopmail.com	developer
17	Lila	Manolo	Lila.Manolo@yopmail.com	police officer
18	Selma	Ruvolo	Selma.Ruvolo@yopmail.com	developer
19	Anthia	Elisha	Anthia.Elisha@yopmail.com	doctor
20	Pearline	Narton	Pearline.Narton@yopmail.com	worker
21	Luci	Khorma	Luci.Khorma@yopmail.com	police officer
22	Janey	Solitta	Janey.Solitta@yopmail.com	firefighter
23	Laure	Gladstone	Laure.Gladstone@yopmail.com	firefighter
24	Concettina	Noelyn	Concettina.Noelyn@yopmail.com	doctor
25	Fernande	Guthrie	Fernande.Guthrie@yopmail.com	police officer
26	Ermengarde	Thomasina	Ermengarde.Thomasina@yopmail.com	doctor
27	Kate	Tice	Kate.Tice@yopmail.com	doctor
28	Doro	Morgun	Doro.Morgun@yopmail.com	worker
29	Myriam	Jorgan	Myriam.Jorgan@yopmail.com	developer
30	Fernande	Kathie	Fernande.Kathie@yopmail.com	doctor
31	Shel	Zachary	Shel.Zachary@yopmail.com	police officer
32	Hildegaard	Phaidra	Hildegaard.Phaidra@yopmail.com	doctor
33	Louella	Shields	Louella.Shields@yopmail.com	developer
34	Babita	Goerke	Babita.Goerke@yopmail.com	doctor
35	Dede	Honoria	Dede.Honoria@yopmail.com	developer
36	Dede	Ahab	Dede.Ahab@yopmail.com	worker
37	Rebeca	Bethany	Rebeca.Bethany@yopmail.com	developer
38	Rori	Loeb	Rori.Loeb@yopmail.com	police officer
39	Tera	Sharl	Tera.Sharl@yopmail.com	police officer
40	Jacquetta	Sandye	Jacquetta.Sandye@yopmail.com	doctor
41	Ardys	Borrell	Ardys.Borrell@yopmail.com	doctor
42	Madelle	Simmonds	Madelle.Simmonds@yopmail.com	worker
43	Mignon	Presber	Mignon.Presber@yopmail.com	police officer
44	Donnie	Alarise	Donnie.Alarise@yopmail.com	doctor
45	Dorene	Corilla	Dorene.Corilla@yopmail.com	police officer
46	Fanny	Myrilla	Fanny.Myrilla@yopmail.com	worker
47	Wileen	Thunell	Wileen.Thunell@yopmail.com	doctor
48	Caressa	Chobot	Caressa.Chobot@yopmail.com	worker
49	Yolane	Malina	Yolane.Malina@yopmail.com	worker
50	Carol-Jean	Mike	Carol-Jean.Mike@yopmail.com	developer
51	Elie	Lilybelle	Elie.Lilybelle@yopmail.com	worker
52	Sallie	Docilla	Sallie.Docilla@yopmail.com	developer
53	Dari	Kellby	Dari.Kellby@yopmail.com	doctor
54	Lila	Drisko	Lila.Drisko@yopmail.com	police officer
55	Leanna	Love	Leanna.Love@yopmail.com	firefighter
56	Keelia	Gaynor	Keelia.Gaynor@yopmail.com	developer
57	Kerrin	Kiersten	Kerrin.Kiersten@yopmail.com	firefighter
58	Edee	Wenoa	Edee.Wenoa@yopmail.com	developer
59	Steffane	Mintz	Steffane.Mintz@yopmail.com	firefighter
60	Corry	Georgy	Corry.Georgy@yopmail.com	worker
61	Ana	Alexandr	Ana.Alexandr@yopmail.com	worker
62	Mady	Horan	Mady.Horan@yopmail.com	doctor
63	Averyl	Stevy	Averyl.Stevy@yopmail.com	doctor
64	June	Idelia	June.Idelia@yopmail.com	firefighter
65	Sean	Adalbert	Sean.Adalbert@yopmail.com	firefighter
66	Mariann	Talia	Mariann.Talia@yopmail.com	doctor
67	Yetty	Medrek	Yetty.Medrek@yopmail.com	police officer
68	Nerta	Hubert	Nerta.Hubert@yopmail.com	police officer
69	Gui	Sabella	Gui.Sabella@yopmail.com	firefighter
70	Charlena	Anestassia	Charlena.Anestassia@yopmail.com	worker
71	Yvonne	Rosette	Yvonne.Rosette@yopmail.com	doctor
72	Alleen	Hebner	Alleen.Hebner@yopmail.com	developer
73	Cyb	Demitria	Cyb.Demitria@yopmail.com	firefighter
74	Ulrike	Lane	Ulrike.Lane@yopmail.com	doctor
75	Atlanta	August	Atlanta.August@yopmail.com	developer
76	Petronia	Junie	Petronia.Junie@yopmail.com	doctor
77	Dennie	Tamsky	Dennie.Tamsky@yopmail.com	developer
78	Theodora	Weaks	Theodora.Weaks@yopmail.com	police officer
79	Dede	LaRue	Dede.LaRue@yopmail.com	worker
80	Maud	Evvie	Maud.Evvie@yopmail.com	doctor
81	Gianina	Urania	Gianina.Urania@yopmail.com	doctor
82	Ashlee	Leary	Ashlee.Leary@yopmail.com	firefighter
83	Vonny	Iiette	Vonny.Iiette@yopmail.com	doctor
84	Deedee	Kiyoshi	Deedee.Kiyoshi@yopmail.com	firefighter
85	Marjie	Sperling	Marjie.Sperling@yopmail.com	firefighter
86	Blondelle	Gale	Blondelle.Gale@yopmail.com	worker
87	Ernesta	Engdahl	Ernesta.Engdahl@yopmail.com	police officer
88	Petronia	Sinegold	Petronia.Sinegold@yopmail.com	police officer
89	Benita	Selway	Benita.Selway@yopmail.com	firefighter
90	Siana	Kenney	Siana.Kenney@yopmail.com	firefighter
91	Willetta	Ortrude	Willetta.Ortrude@yopmail.com	worker
92	Pollyanna	Alisia	Pollyanna.Alisia@yopmail.com	police officer
93	Bee	Bennie	Bee.Bennie@yopmail.com	police officer
94	Cherrita	Imelida	Cherrita.Imelida@yopmail.com	worker
95	Nanete	Maryanne	Nanete.Maryanne@yopmail.com	police officer
96	Mildrid	Smitt	Mildrid.Smitt@yopmail.com	firefighter
97	Kathy	Newell	Kathy.Newell@yopmail.com	developer
98	Andeee	Kelula	Andeee.Kelula@yopmail.com	firefighter
99	Carlie	Peti	Carlie.Peti@yopmail.com	firefighter
100	Blinni	Yusuk	Blinni.Yusuk@yopmail.com	police officer
101	Valli	Dannye	Valli.Dannye@yopmail.com	firefighter
102	Caritta	Sibyls	Caritta.Sibyls@yopmail.com	doctor
103	Clementine	Hailee	Clementine.Hailee@yopmail.com	police officer
104	Augustine	Korey	Augustine.Korey@yopmail.com	developer
105	Dyann	Odell	Dyann.Odell@yopmail.com	doctor
106	Margette	Kirstin	Margette.Kirstin@yopmail.com	worker
107	Jorry	Gilmour	Jorry.Gilmour@yopmail.com	firefighter
108	Lita	Zenas	Lita.Zenas@yopmail.com	police officer
109	Gui	Eliathas	Gui.Eliathas@yopmail.com	firefighter
110	Drucie	Roxanna	Drucie.Roxanna@yopmail.com	firefighter
111	Sybille	Gillan	Sybille.Gillan@yopmail.com	police officer
112	Kirbee	Zina	Kirbee.Zina@yopmail.com	police officer
113	Annecorinne	Liebermann	Annecorinne.Liebermann@yopmail.com	developer
114	Tori	Wooster	Tori.Wooster@yopmail.com	developer
115	Desirae	Smitt	Desirae.Smitt@yopmail.com	worker
116	Selma	Parsaye	Selma.Parsaye@yopmail.com	worker
117	Vevay	Eldrid	Vevay.Eldrid@yopmail.com	worker
118	Silvana	Tacye	Silvana.Tacye@yopmail.com	developer
119	Marline	Ioab	Marline.Ioab@yopmail.com	doctor
120	Norine	Engdahl	Norine.Engdahl@yopmail.com	doctor
121	Fanny	Jalbert	Fanny.Jalbert@yopmail.com	developer
122	Hollie	Grayce	Hollie.Grayce@yopmail.com	doctor
123	Caressa	Papageno	Caressa.Papageno@yopmail.com	police officer
124	Regina	Alfons	Regina.Alfons@yopmail.com	doctor
125	Ursulina	Rillings	Ursulina.Rillings@yopmail.com	developer
126	Heddie	Mitzi	Heddie.Mitzi@yopmail.com	developer
127	Ofilia	Juan	Ofilia.Juan@yopmail.com	doctor
128	Talya	Travax	Talya.Travax@yopmail.com	developer
129	Leontine	Natica	Leontine.Natica@yopmail.com	developer
130	Debee	Idelia	Debee.Idelia@yopmail.com	worker
131	Fernande	Faust	Fernande.Faust@yopmail.com	developer
132	Ardys	Sandye	Ardys.Sandye@yopmail.com	firefighter
133	Kayla	Grobe	Kayla.Grobe@yopmail.com	doctor
134	Dale	Ackerley	Dale.Ackerley@yopmail.com	firefighter
135	Ethel	Rosemary	Ethel.Rosemary@yopmail.com	firefighter
136	Tori	Eachern	Tori.Eachern@yopmail.com	doctor
137	Ileana	Fitzsimmons	Ileana.Fitzsimmons@yopmail.com	police officer
138	Juliane	Suanne	Juliane.Suanne@yopmail.com	police officer
139	Nikki	Stoller	Nikki.Stoller@yopmail.com	developer
140	Janis	Carvey	Janis.Carvey@yopmail.com	doctor
141	Asia	Willie	Asia.Willie@yopmail.com	worker
142	Jennica	Concha	Jennica.Concha@yopmail.com	police officer
143	Jinny	Seagraves	Jinny.Seagraves@yopmail.com	police officer
144	Cherrita	Maples	Cherrita.Maples@yopmail.com	firefighter
145	Carlie	Roscoe	Carlie.Roscoe@yopmail.com	worker
146	Sheree	Lemuela	Sheree.Lemuela@yopmail.com	developer
147	Willetta	Quent	Willetta.Quent@yopmail.com	firefighter
148	Lynnea	Claudine	Lynnea.Claudine@yopmail.com	firefighter
149	Randa	Drus	Randa.Drus@yopmail.com	doctor
150	Feliza	Ethban	Feliza.Ethban@yopmail.com	doctor
151	Cordi	Fredi	Cordi.Fredi@yopmail.com	police officer
152	Arlina	Adrienne	Arlina.Adrienne@yopmail.com	developer
153	Lita	Hashim	Lita.Hashim@yopmail.com	police officer
154	Pollyanna	Wildermuth	Pollyanna.Wildermuth@yopmail.com	worker
155	Bertine	Montgomery	Bertine.Montgomery@yopmail.com	firefighter
156	Farrah	Gusella	Farrah.Gusella@yopmail.com	police officer
157	Letizia	Oneida	Letizia.Oneida@yopmail.com	worker
158	Fanny	Alcott	Fanny.Alcott@yopmail.com	worker
159	Allyce	Erlandson	Allyce.Erlandson@yopmail.com	police officer
160	Averyl	Ietta	Averyl.Ietta@yopmail.com	firefighter
161	Lonnie	McLaughlin	Lonnie.McLaughlin@yopmail.com	doctor
162	Elka	Jeanne	Elka.Jeanne@yopmail.com	developer
163	Diena	Herrera	Diena.Herrera@yopmail.com	developer
164	Sharai	Adamsen	Sharai.Adamsen@yopmail.com	police officer
165	Aimil	Bashemeth	Aimil.Bashemeth@yopmail.com	firefighter
166	Latisha	Durante	Latisha.Durante@yopmail.com	firefighter
167	Cam	Wallis	Cam.Wallis@yopmail.com	worker
168	Barbara	Kelula	Barbara.Kelula@yopmail.com	firefighter
169	Therine	Bennie	Therine.Bennie@yopmail.com	doctor
170	Meriel	Longfellow	Meriel.Longfellow@yopmail.com	police officer
171	Viviene	Bartlett	Viviene.Bartlett@yopmail.com	police officer
172	Florencia	Florina	Florencia.Florina@yopmail.com	firefighter
173	Agnese	Velick	Agnese.Velick@yopmail.com	doctor
174	Shandie	Nickola	Shandie.Nickola@yopmail.com	developer
175	Jinny	Rosemary	Jinny.Rosemary@yopmail.com	worker
176	Delilah	Lumbard	Delilah.Lumbard@yopmail.com	doctor
177	Korrie	Gaulin	Korrie.Gaulin@yopmail.com	worker
178	Sybille	Fiester	Sybille.Fiester@yopmail.com	police officer
179	Henriette	Bord	Henriette.Bord@yopmail.com	firefighter
180	Layla	Johanna	Layla.Johanna@yopmail.com	firefighter
181	Kelly	Damarra	Kelly.Damarra@yopmail.com	developer
182	Philis	Iphlgenia	Philis.Iphlgenia@yopmail.com	worker
183	Madalyn	Vastah	Madalyn.Vastah@yopmail.com	worker
184	Ursulina	Waldron	Ursulina.Waldron@yopmail.com	police officer
185	Alexine	Elbertina	Alexine.Elbertina@yopmail.com	developer
186	Zaria	Bivins	Zaria.Bivins@yopmail.com	doctor
187	Agnese	Vivle	Agnese.Vivle@yopmail.com	doctor
188	Aubrie	Brotherson	Aubrie.Brotherson@yopmail.com	firefighter
189	Hyacinthe	Hoban	Hyacinthe.Hoban@yopmail.com	doctor
190	Diena	Lipson	Diena.Lipson@yopmail.com	police officer
191	Mariele	Ries	Mariele.Ries@yopmail.com	worker
192	Mamie	Kellby	Mamie.Kellby@yopmail.com	worker
193	Danika	Hartnett	Danika.Hartnett@yopmail.com	firefighter
194	Glynnis	Orelee	Glynnis.Orelee@yopmail.com	doctor
195	Ericka	Codding	Ericka.Codding@yopmail.com	firefighter
196	Alejandra	Gusella	Alejandra.Gusella@yopmail.com	doctor
197	Harrietta	Bow	Harrietta.Bow@yopmail.com	firefighter
198	Marleah	Lattie	Marleah.Lattie@yopmail.com	police officer
199	Orsola	Posner	Orsola.Posner@yopmail.com	developer
200	Nanete	Bonucci	Nanete.Bonucci@yopmail.com	police officer
201	Berta	O'Rourke	Berta.O'Rourke@yopmail.com	developer
202	Luci	Hortensia	Luci.Hortensia@yopmail.com	police officer
203	Margarette	Audly	Margarette.Audly@yopmail.com	worker
204	Jere	Clara	Jere.Clara@yopmail.com	firefighter
205	Sidoney	Weitman	Sidoney.Weitman@yopmail.com	developer
206	Jaclyn	Stevy	Jaclyn.Stevy@yopmail.com	police officer
207	Tracey	Israeli	Tracey.Israeli@yopmail.com	firefighter
208	Nananne	Phyllis	Nananne.Phyllis@yopmail.com	doctor
209	Kristan	My	Kristan.My@yopmail.com	police officer
210	Marcelline	Ellord	Marcelline.Ellord@yopmail.com	worker
211	Eugine	Liva	Eugine.Liva@yopmail.com	firefighter
212	Barbara	Tyson	Barbara.Tyson@yopmail.com	worker
213	Loree	Vilma	Loree.Vilma@yopmail.com	police officer
214	Ruthe	Georgy	Ruthe.Georgy@yopmail.com	police officer
215	Beatriz	Poll	Beatriz.Poll@yopmail.com	firefighter
216	Brynna	Karna	Brynna.Karna@yopmail.com	doctor
217	Malina	Hourigan	Malina.Hourigan@yopmail.com	developer
218	Aurore	Papageno	Aurore.Papageno@yopmail.com	firefighter
219	Tami	Grosz	Tami.Grosz@yopmail.com	doctor
220	Dennie	Bearnard	Dennie.Bearnard@yopmail.com	worker
221	Jerry	Sherrie	Jerry.Sherrie@yopmail.com	doctor
222	Emylee	Diogenes	Emylee.Diogenes@yopmail.com	firefighter
223	Vinita	Ferino	Vinita.Ferino@yopmail.com	worker
224	Angelique	Gaal	Angelique.Gaal@yopmail.com	firefighter
225	Dode	Jethro	Dode.Jethro@yopmail.com	worker
226	Linet	Vins	Linet.Vins@yopmail.com	doctor
227	Mallory	Cutlerr	Mallory.Cutlerr@yopmail.com	worker
228	Clary	Florina	Clary.Florina@yopmail.com	firefighter
229	Paule	Guildroy	Paule.Guildroy@yopmail.com	developer
230	Jacenta	Mott	Jacenta.Mott@yopmail.com	worker
231	Alyda	Ovid	Alyda.Ovid@yopmail.com	firefighter
232	Dacia	Sheng	Dacia.Sheng@yopmail.com	doctor
233	Elmira	Wadell	Elmira.Wadell@yopmail.com	doctor
234	Merrie	Middleton	Merrie.Middleton@yopmail.com	firefighter
235	Kara-Lynn	Hamil	Kara-Lynn.Hamil@yopmail.com	police officer
236	Perry	Briney	Perry.Briney@yopmail.com	developer
237	Rhoda	Krystle	Rhoda.Krystle@yopmail.com	worker
238	Xylina	Liebermann	Xylina.Liebermann@yopmail.com	worker
239	Lisette	Brian	Lisette.Brian@yopmail.com	developer
240	Lorne	Kelula	Lorne.Kelula@yopmail.com	firefighter
241	Anica	Gabrielli	Anica.Gabrielli@yopmail.com	worker
242	Cassandra	Gaynor	Cassandra.Gaynor@yopmail.com	doctor
243	Janey	Presber	Janey.Presber@yopmail.com	worker
244	Belinda	Nerita	Belinda.Nerita@yopmail.com	firefighter
245	Elsie	Payson	Elsie.Payson@yopmail.com	police officer
246	Hollie	Cosenza	Hollie.Cosenza@yopmail.com	developer
247	Leeanne	Weaks	Leeanne.Weaks@yopmail.com	worker
248	Jere	Frendel	Jere.Frendel@yopmail.com	doctor
249	Linzy	Dichy	Linzy.Dichy@yopmail.com	firefighter
250	Ingrid	Alrich	Ingrid.Alrich@yopmail.com	doctor
251	Elsie	Justinn	Elsie.Justinn@yopmail.com	police officer
252	Correy	Rona	Correy.Rona@yopmail.com	developer
253	Evaleen	Milson	Evaleen.Milson@yopmail.com	firefighter
254	Pierette	Burnside	Pierette.Burnside@yopmail.com	police officer
255	Clary	Kussell	Clary.Kussell@yopmail.com	police officer
256	Ginnie	Neils	Ginnie.Neils@yopmail.com	developer
257	Asia	Stevy	Asia.Stevy@yopmail.com	doctor
258	Ardys	Hamil	Ardys.Hamil@yopmail.com	worker
259	Teriann	Genna	Teriann.Genna@yopmail.com	firefighter
260	Mary	Kirbee	Mary.Kirbee@yopmail.com	doctor
261	Imojean	Tound	Imojean.Tound@yopmail.com	firefighter
262	Julieta	Talia	Julieta.Talia@yopmail.com	doctor
263	Emma	Dunkin	Emma.Dunkin@yopmail.com	developer
264	Shaylyn	Gaulin	Shaylyn.Gaulin@yopmail.com	firefighter
265	Eolanda	Dosia	Eolanda.Dosia@yopmail.com	developer
266	Morganica	Mott	Morganica.Mott@yopmail.com	police officer
267	Roberta	Santoro	Roberta.Santoro@yopmail.com	doctor
268	Larine	Manolo	Larine.Manolo@yopmail.com	developer
269	Siana	Vorster	Siana.Vorster@yopmail.com	worker
270	Atlanta	Mayeda	Atlanta.Mayeda@yopmail.com	firefighter
271	Drucie	Ulphia	Drucie.Ulphia@yopmail.com	worker
272	Jacenta	Wenoa	Jacenta.Wenoa@yopmail.com	police officer
273	Hallie	Tomasina	Hallie.Tomasina@yopmail.com	worker
274	Melisent	Daniele	Melisent.Daniele@yopmail.com	firefighter
275	Regina	Sawtelle	Regina.Sawtelle@yopmail.com	firefighter
276	Cherilyn	Havens	Cherilyn.Havens@yopmail.com	worker
277	Raquela	Swigart	Raquela.Swigart@yopmail.com	police officer
278	Renae	Lilas	Renae.Lilas@yopmail.com	worker
279	Kirstin	Thomasina	Kirstin.Thomasina@yopmail.com	police officer
280	Janeczka	Oscar	Janeczka.Oscar@yopmail.com	police officer
281	Melanie	Cleo	Melanie.Cleo@yopmail.com	developer
282	Linet	Lucienne	Linet.Lucienne@yopmail.com	doctor
283	Farrah	Wenoa	Farrah.Wenoa@yopmail.com	doctor
284	Karlee	Madaih	Karlee.Madaih@yopmail.com	police officer
285	Carolina	Beniamino	Carolina.Beniamino@yopmail.com	developer
286	Deloria	Crudden	Deloria.Crudden@yopmail.com	doctor
287	Amara	Amasa	Amara.Amasa@yopmail.com	doctor
288	Brena	Podvin	Brena.Podvin@yopmail.com	worker
289	Audrie	Lipson	Audrie.Lipson@yopmail.com	firefighter
290	Jessy	Linehan	Jessy.Linehan@yopmail.com	firefighter
291	Nanete	Stacy	Nanete.Stacy@yopmail.com	firefighter
292	Nannie	Schalles	Nannie.Schalles@yopmail.com	police officer
293	Susette	Myrilla	Susette.Myrilla@yopmail.com	worker
294	Jackie	Bronk	Jackie.Bronk@yopmail.com	firefighter
295	Sonni	Shuler	Sonni.Shuler@yopmail.com	doctor
296	Concettina	Kaete	Concettina.Kaete@yopmail.com	doctor
297	Eve	Podvin	Eve.Podvin@yopmail.com	police officer
298	Ninnetta	Denis	Ninnetta.Denis@yopmail.com	firefighter
299	Hayley	Gabrielli	Hayley.Gabrielli@yopmail.com	police officer
300	Priscilla	Connelly	Priscilla.Connelly@yopmail.com	worker
301	Sallie	Kaja	Sallie.Kaja@yopmail.com	developer
302	Nollie	Bivins	Nollie.Bivins@yopmail.com	developer
303	Shaine	Gino	Shaine.Gino@yopmail.com	firefighter
304	Concettina	Payson	Concettina.Payson@yopmail.com	worker
305	Leontine	Caitlin	Leontine.Caitlin@yopmail.com	developer
306	Vivia	Mullane	Vivia.Mullane@yopmail.com	doctor
307	Sheelagh	Claudine	Sheelagh.Claudine@yopmail.com	police officer
308	Elbertina	Merriott	Elbertina.Merriott@yopmail.com	police officer
309	Nyssa	Darian	Nyssa.Darian@yopmail.com	doctor
310	Nonnah	Kiersten	Nonnah.Kiersten@yopmail.com	police officer
311	Sonni	Teryn	Sonni.Teryn@yopmail.com	doctor
312	Rubie	Afton	Rubie.Afton@yopmail.com	doctor
313	Joane	Jethro	Joane.Jethro@yopmail.com	doctor
314	Catharine	Othilia	Catharine.Othilia@yopmail.com	firefighter
315	Dorthy	Jillane	Dorthy.Jillane@yopmail.com	firefighter
316	Oralee	Gavrila	Oralee.Gavrila@yopmail.com	firefighter
317	Ardenia	Standing	Ardenia.Standing@yopmail.com	firefighter
318	Jorry	Schroth	Jorry.Schroth@yopmail.com	police officer
319	Consuela	Sharl	Consuela.Sharl@yopmail.com	worker
320	Darci	Garek	Darci.Garek@yopmail.com	police officer
321	Therine	Faust	Therine.Faust@yopmail.com	developer
322	Amara	Vittoria	Amara.Vittoria@yopmail.com	firefighter
323	Eolanda	Gavrila	Eolanda.Gavrila@yopmail.com	worker
324	Wileen	Ilka	Wileen.Ilka@yopmail.com	worker
325	Angelique	Janith	Angelique.Janith@yopmail.com	worker
326	Phylis	Mathilde	Phylis.Mathilde@yopmail.com	worker
327	Beth	Hutchison	Beth.Hutchison@yopmail.com	worker
328	Jany	Hewitt	Jany.Hewitt@yopmail.com	police officer
329	Tatiania	Dahlia	Tatiania.Dahlia@yopmail.com	doctor
330	Katharina	Corrine	Katharina.Corrine@yopmail.com	police officer
331	Gwyneth	Sallyann	Gwyneth.Sallyann@yopmail.com	developer
332	Lizzie	Alfons	Lizzie.Alfons@yopmail.com	doctor
333	Hettie	Argus	Hettie.Argus@yopmail.com	police officer
334	Dulce	Hurley	Dulce.Hurley@yopmail.com	worker
335	Betta	Fadiman	Betta.Fadiman@yopmail.com	doctor
336	Annecorinne	Abbot	Annecorinne.Abbot@yopmail.com	worker
337	Ingrid	Boycey	Ingrid.Boycey@yopmail.com	firefighter
338	Ira	Vilma	Ira.Vilma@yopmail.com	doctor
339	Rivalee	Stuart	Rivalee.Stuart@yopmail.com	firefighter
340	Chloris	Gregrory	Chloris.Gregrory@yopmail.com	doctor
341	Moyna	Donoghue	Moyna.Donoghue@yopmail.com	doctor
342	Aaren	Ioab	Aaren.Ioab@yopmail.com	doctor
343	Winny	Ephrem	Winny.Ephrem@yopmail.com	worker
344	Dari	Adlare	Dari.Adlare@yopmail.com	worker
345	Vevay	Xerxes	Vevay.Xerxes@yopmail.com	police officer
346	Renae	Rosemary	Renae.Rosemary@yopmail.com	doctor
347	Leeanne	Jobi	Leeanne.Jobi@yopmail.com	worker
348	Marylou	Tice	Marylou.Tice@yopmail.com	firefighter
349	Emma	Jacobah	Emma.Jacobah@yopmail.com	worker
350	Corina	Zola	Corina.Zola@yopmail.com	developer
351	Lynde	Strephon	Lynde.Strephon@yopmail.com	doctor
352	Tersina	Joeann	Tersina.Joeann@yopmail.com	firefighter
353	Thalia	Hull	Thalia.Hull@yopmail.com	worker
354	Jackie	Kress	Jackie.Kress@yopmail.com	police officer
355	Aryn	Tound	Aryn.Tound@yopmail.com	doctor
356	Feliza	Niles	Feliza.Niles@yopmail.com	doctor
357	Tersina	Tayib	Tersina.Tayib@yopmail.com	firefighter
358	Aubrie	Aida	Aubrie.Aida@yopmail.com	firefighter
359	Maryellen	Gilbertson	Maryellen.Gilbertson@yopmail.com	firefighter
360	Nadine	Yorick	Nadine.Yorick@yopmail.com	police officer
361	Lindie	Ezar	Lindie.Ezar@yopmail.com	doctor
362	Debee	Lia	Debee.Lia@yopmail.com	worker
363	Merle	Haerr	Merle.Haerr@yopmail.com	developer
364	Caritta	Brenn	Caritta.Brenn@yopmail.com	doctor
365	Katharina	Destinee	Katharina.Destinee@yopmail.com	firefighter
366	Alisha	Roumell	Alisha.Roumell@yopmail.com	firefighter
367	Lynea	Yuille	Lynea.Yuille@yopmail.com	developer
368	Jackie	Norvol	Jackie.Norvol@yopmail.com	police officer
369	Kate	Diann	Kate.Diann@yopmail.com	firefighter
370	Sara-Ann	Travax	Sara-Ann.Travax@yopmail.com	police officer
371	Alex	Malvino	Alex.Malvino@yopmail.com	doctor
372	Leia	Hathaway	Leia.Hathaway@yopmail.com	firefighter
373	Malina	Gilbertson	Malina.Gilbertson@yopmail.com	firefighter
374	Elie	Anestassia	Elie.Anestassia@yopmail.com	doctor
375	Lilith	Matthew	Lilith.Matthew@yopmail.com	worker
376	Dolli	Ludewig	Dolli.Ludewig@yopmail.com	developer
377	Rebeca	Bakerman	Rebeca.Bakerman@yopmail.com	police officer
378	Christy	Faria	Christy.Faria@yopmail.com	developer
379	Amalie	Abbot	Amalie.Abbot@yopmail.com	worker
380	Maisey	Codding	Maisey.Codding@yopmail.com	doctor
381	Joeann	Goth	Joeann.Goth@yopmail.com	police officer
382	Suzette	Mandler	Suzette.Mandler@yopmail.com	doctor
383	Mureil	Nedrud	Mureil.Nedrud@yopmail.com	firefighter
384	Aaren	Cadmar	Aaren.Cadmar@yopmail.com	doctor
385	Chrystel	Silvan	Chrystel.Silvan@yopmail.com	police officer
386	Candi	Hertzfeld	Candi.Hertzfeld@yopmail.com	worker
387	Claudina	Malina	Claudina.Malina@yopmail.com	police officer
388	Clo	Whittaker	Clo.Whittaker@yopmail.com	police officer
389	Asia	Imelida	Asia.Imelida@yopmail.com	police officer
390	Starla	Liva	Starla.Liva@yopmail.com	doctor
391	Karolina	Horan	Karolina.Horan@yopmail.com	worker
392	Miquela	Weaks	Miquela.Weaks@yopmail.com	doctor
393	Andeee	Wattenberg	Andeee.Wattenberg@yopmail.com	police officer
394	Ezmeralda	Timon	Ezmeralda.Timon@yopmail.com	developer
395	Sharai	Chrystel	Sharai.Chrystel@yopmail.com	developer
396	Anica	Longfellow	Anica.Longfellow@yopmail.com	worker
397	Deloria	Raama	Deloria.Raama@yopmail.com	firefighter
398	Leeanne	Obed	Leeanne.Obed@yopmail.com	developer
399	Corene	Craggie	Corene.Craggie@yopmail.com	doctor
400	Leia	Aldric	Leia.Aldric@yopmail.com	firefighter
401	Constance	Docilla	Constance.Docilla@yopmail.com	worker
402	Dulce	Mayeda	Dulce.Mayeda@yopmail.com	police officer
403	Inga	Romelda	Inga.Romelda@yopmail.com	firefighter
404	Arlena	Katrine	Arlena.Katrine@yopmail.com	doctor
405	Ira	Dimitris	Ira.Dimitris@yopmail.com	developer
406	Cherrita	Myrilla	Cherrita.Myrilla@yopmail.com	worker
407	Elise	Raychel	Elise.Raychel@yopmail.com	firefighter
408	Winifred	Natica	Winifred.Natica@yopmail.com	worker
409	Lanae	Elbertina	Lanae.Elbertina@yopmail.com	police officer
410	Marika	Kat	Marika.Kat@yopmail.com	police officer
411	Linet	Leonard	Linet.Leonard@yopmail.com	police officer
412	Charmaine	Heisel	Charmaine.Heisel@yopmail.com	police officer
413	Orsola	Francyne	Orsola.Francyne@yopmail.com	doctor
414	Yvonne	Riordan	Yvonne.Riordan@yopmail.com	developer
415	Nannie	Whittaker	Nannie.Whittaker@yopmail.com	developer
416	Kalina	Raffo	Kalina.Raffo@yopmail.com	developer
417	Heida	Kimmie	Heida.Kimmie@yopmail.com	developer
418	Gilda	Hamil	Gilda.Hamil@yopmail.com	doctor
419	Shel	Holbrook	Shel.Holbrook@yopmail.com	police officer
420	Molli	Dichy	Molli.Dichy@yopmail.com	developer
421	Steffane	Socha	Steffane.Socha@yopmail.com	police officer
422	Fawne	Wilona	Fawne.Wilona@yopmail.com	worker
423	Katharina	Imelida	Katharina.Imelida@yopmail.com	doctor
424	Aryn	Miru	Aryn.Miru@yopmail.com	worker
425	Nonnah	Maroney	Nonnah.Maroney@yopmail.com	developer
426	Ronna	Thema	Ronna.Thema@yopmail.com	police officer
427	Daune	Goode	Daune.Goode@yopmail.com	developer
428	Aurelie	Pierette	Aurelie.Pierette@yopmail.com	doctor
429	Gianina	Georgy	Gianina.Georgy@yopmail.com	firefighter
430	Priscilla	Yusuk	Priscilla.Yusuk@yopmail.com	firefighter
431	Elfreda	Pozzy	Elfreda.Pozzy@yopmail.com	police officer
432	Gwyneth	Wyn	Gwyneth.Wyn@yopmail.com	police officer
433	Libbie	Donell	Libbie.Donell@yopmail.com	firefighter
434	Anallese	Girardo	Anallese.Girardo@yopmail.com	developer
435	Dianemarie	Jess	Dianemarie.Jess@yopmail.com	police officer
436	Flory	Ranjiv	Flory.Ranjiv@yopmail.com	firefighter
437	Rubie	Riordan	Rubie.Riordan@yopmail.com	police officer
438	Vivia	Callista	Vivia.Callista@yopmail.com	doctor
439	Brana	Aurelio	Brana.Aurelio@yopmail.com	worker
440	Marcelline	Juliet	Marcelline.Juliet@yopmail.com	police officer
441	Merrie	Thunell	Merrie.Thunell@yopmail.com	developer
442	Catrina	Garlinda	Catrina.Garlinda@yopmail.com	firefighter
443	Eadie	Garlinda	Eadie.Garlinda@yopmail.com	developer
444	Sadie	Audly	Sadie.Audly@yopmail.com	police officer
445	Kelly	Palocz	Kelly.Palocz@yopmail.com	doctor
446	Susette	Roarke	Susette.Roarke@yopmail.com	worker
447	Frances	Carbo	Frances.Carbo@yopmail.com	police officer
448	Ernesta	Yam	Ernesta.Yam@yopmail.com	worker
449	Ethel	Pelagias	Ethel.Pelagias@yopmail.com	firefighter
450	Correy	Chem	Correy.Chem@yopmail.com	police officer
451	Dorice	Virgin	Dorice.Virgin@yopmail.com	doctor
452	Rochette	Cassius	Rochette.Cassius@yopmail.com	worker
453	Dagmar	Klotz	Dagmar.Klotz@yopmail.com	doctor
454	Nelle	Eachern	Nelle.Eachern@yopmail.com	worker
455	Kylynn	Annabella	Kylynn.Annabella@yopmail.com	police officer
456	Deedee	Swigart	Deedee.Swigart@yopmail.com	police officer
457	Charissa	Xerxes	Charissa.Xerxes@yopmail.com	police officer
458	Charmaine	Bergman	Charmaine.Bergman@yopmail.com	doctor
459	Julieta	Bach	Julieta.Bach@yopmail.com	doctor
460	Rochette	Aaberg	Rochette.Aaberg@yopmail.com	doctor
461	Berta	Kamaria	Berta.Kamaria@yopmail.com	firefighter
462	Jorry	Taima	Jorry.Taima@yopmail.com	worker
463	Katleen	Sholley	Katleen.Sholley@yopmail.com	firefighter
464	Perry	Lymann	Perry.Lymann@yopmail.com	firefighter
465	Fawne	Toni	Fawne.Toni@yopmail.com	firefighter
466	Valera	Kalinda	Valera.Kalinda@yopmail.com	developer
467	Mamie	Arathorn	Mamie.Arathorn@yopmail.com	police officer
468	Cecile	Ade	Cecile.Ade@yopmail.com	developer
469	Xylina	Delacourt	Xylina.Delacourt@yopmail.com	doctor
470	Joleen	Lilybelle	Joleen.Lilybelle@yopmail.com	developer
471	Talya	Sacken	Talya.Sacken@yopmail.com	worker
472	Shell	Durante	Shell.Durante@yopmail.com	developer
473	Edith	Rurik	Edith.Rurik@yopmail.com	worker
474	Belva	Sikorski	Belva.Sikorski@yopmail.com	worker
475	Devina	Dowski	Devina.Dowski@yopmail.com	developer
476	Selia	Tippets	Selia.Tippets@yopmail.com	police officer
477	Mary	Deegan	Mary.Deegan@yopmail.com	firefighter
478	Eve	Demitria	Eve.Demitria@yopmail.com	doctor
479	Wendi	Clie	Wendi.Clie@yopmail.com	developer
480	Joane	Zitvaa	Joane.Zitvaa@yopmail.com	police officer
481	Judy	Weitman	Judy.Weitman@yopmail.com	worker
482	Rochette	Jotham	Rochette.Jotham@yopmail.com	developer
483	Elie	Anton	Elie.Anton@yopmail.com	worker
484	Catrina	Lymann	Catrina.Lymann@yopmail.com	worker
485	Kellen	Amasa	Kellen.Amasa@yopmail.com	developer
486	Leontine	Allina	Leontine.Allina@yopmail.com	developer
487	Gilligan	Suk	Gilligan.Suk@yopmail.com	developer
488	Xylina	Sophronia	Xylina.Sophronia@yopmail.com	police officer
489	Darlleen	Sothena	Darlleen.Sothena@yopmail.com	doctor
490	Caryl	Waldron	Caryl.Waldron@yopmail.com	firefighter
491	Meriel	Ackerley	Meriel.Ackerley@yopmail.com	doctor
492	Alisha	Rooney	Alisha.Rooney@yopmail.com	doctor
493	Gisela	Adore	Gisela.Adore@yopmail.com	worker
494	Margarette	Wenda	Margarette.Wenda@yopmail.com	worker
495	Madeleine	Mayeda	Madeleine.Mayeda@yopmail.com	developer
496	Grier	Merna	Grier.Merna@yopmail.com	doctor
497	Cristine	Orelee	Cristine.Orelee@yopmail.com	firefighter
498	Joleen	Amand	Joleen.Amand@yopmail.com	worker
499	Caryl	Roscoe	Caryl.Roscoe@yopmail.com	developer
500	Clarice	Schwejda	Clarice.Schwejda@yopmail.com	police officer
501	Talya	Wenda	Talya.Wenda@yopmail.com	firefighter
502	Kassey	Laverne	Kassey.Laverne@yopmail.com	developer
503	Sandie	Bevin	Sandie.Bevin@yopmail.com	developer
504	Anestassia	Jess	Anestassia.Jess@yopmail.com	developer
505	Kylynn	Lattie	Kylynn.Lattie@yopmail.com	doctor
506	Melina	Brodench	Melina.Brodench@yopmail.com	doctor
507	Jsandye	Faso	Jsandye.Faso@yopmail.com	doctor
508	Candy	Lunsford	Candy.Lunsford@yopmail.com	developer
509	Jordan	Lia	Jordan.Lia@yopmail.com	doctor
510	Raf	Belldas	Raf.Belldas@yopmail.com	worker
511	Winifred	Harned	Winifred.Harned@yopmail.com	firefighter
512	Maisey	Sheedy	Maisey.Sheedy@yopmail.com	worker
513	Jordan	Gabrielli	Jordan.Gabrielli@yopmail.com	worker
514	Kassey	Narton	Kassey.Narton@yopmail.com	doctor
515	Noelle	Sperling	Noelle.Sperling@yopmail.com	developer
516	Annora	Gunn	Annora.Gunn@yopmail.com	police officer
517	Xylina	Crudden	Xylina.Crudden@yopmail.com	firefighter
518	Hollie	Roarke	Hollie.Roarke@yopmail.com	doctor
519	Shell	Stevy	Shell.Stevy@yopmail.com	worker
520	Peri	Jacobah	Peri.Jacobah@yopmail.com	developer
521	Cyndie	Adamsen	Cyndie.Adamsen@yopmail.com	firefighter
522	Tarra	Melony	Tarra.Melony@yopmail.com	developer
523	Myriam	Brotherson	Myriam.Brotherson@yopmail.com	police officer
524	Concettina	Aldric	Concettina.Aldric@yopmail.com	worker
525	Ashlee	Gordon	Ashlee.Gordon@yopmail.com	doctor
526	Bernardine	Carri	Bernardine.Carri@yopmail.com	developer
527	Mamie	Sundin	Mamie.Sundin@yopmail.com	worker
528	Michaelina	McClimans	Michaelina.McClimans@yopmail.com	worker
529	Trixi	Vernier	Trixi.Vernier@yopmail.com	worker
530	Ottilie	Ietta	Ottilie.Ietta@yopmail.com	doctor
531	Fina	Narton	Fina.Narton@yopmail.com	developer
532	Isa	Allys	Isa.Allys@yopmail.com	doctor
533	Flo	Melan	Flo.Melan@yopmail.com	firefighter
534	Cristine	Roxanna	Cristine.Roxanna@yopmail.com	firefighter
535	Wynne	Sallyann	Wynne.Sallyann@yopmail.com	developer
536	Tarra	Danby	Tarra.Danby@yopmail.com	police officer
537	Gretal	Erskine	Gretal.Erskine@yopmail.com	doctor
538	Korrie	Sheedy	Korrie.Sheedy@yopmail.com	doctor
539	Marjie	Arathorn	Marjie.Arathorn@yopmail.com	developer
540	Shandie	Rosalba	Shandie.Rosalba@yopmail.com	firefighter
541	Heida	Sprage	Heida.Sprage@yopmail.com	police officer
542	Mary	Lipson	Mary.Lipson@yopmail.com	doctor
543	Marjie	Hedve	Marjie.Hedve@yopmail.com	firefighter
544	Elora	Torray	Elora.Torray@yopmail.com	police officer
545	Modestia	Joni	Modestia.Joni@yopmail.com	doctor
546	Lauryn	Krystle	Lauryn.Krystle@yopmail.com	firefighter
547	Kayla	Shama	Kayla.Shama@yopmail.com	worker
548	Karlee	Wyn	Karlee.Wyn@yopmail.com	firefighter
549	Minne	Christine	Minne.Christine@yopmail.com	firefighter
550	Raina	Fosque	Raina.Fosque@yopmail.com	doctor
551	Joelly	Amethist	Joelly.Amethist@yopmail.com	police officer
552	Lorie	Weaks	Lorie.Weaks@yopmail.com	police officer
553	Elise	Carbo	Elise.Carbo@yopmail.com	police officer
554	Raina	Denis	Raina.Denis@yopmail.com	worker
555	Bernardine	Killigrew	Bernardine.Killigrew@yopmail.com	worker
556	Judy	An	Judy.An@yopmail.com	police officer
557	Nita	Phi	Nita.Phi@yopmail.com	police officer
558	Sybille	August	Sybille.August@yopmail.com	firefighter
559	Alexine	Audly	Alexine.Audly@yopmail.com	developer
560	Demetris	Croix	Demetris.Croix@yopmail.com	worker
561	Liana	Noman	Liana.Noman@yopmail.com	firefighter
562	Sandie	Solitta	Sandie.Solitta@yopmail.com	developer
563	Goldie	Klotz	Goldie.Klotz@yopmail.com	doctor
564	Kate	Mauer	Kate.Mauer@yopmail.com	firefighter
565	Ezmeralda	Rosemary	Ezmeralda.Rosemary@yopmail.com	police officer
566	Ezmeralda	Ardra	Ezmeralda.Ardra@yopmail.com	worker
567	Cassandra	Norrie	Cassandra.Norrie@yopmail.com	doctor
568	Cyndie	Astra	Cyndie.Astra@yopmail.com	police officer
569	Tonia	Brittani	Tonia.Brittani@yopmail.com	developer
570	Kary	Carbo	Kary.Carbo@yopmail.com	doctor
571	Emylee	Franza	Emylee.Franza@yopmail.com	doctor
572	Wilma	Anis	Wilma.Anis@yopmail.com	worker
573	Nananne	Goddard	Nananne.Goddard@yopmail.com	worker
574	Fredericka	Annabella	Fredericka.Annabella@yopmail.com	developer
575	Kristina	Allina	Kristina.Allina@yopmail.com	firefighter
576	Jordan	Cressida	Jordan.Cressida@yopmail.com	developer
577	Monika	Wilona	Monika.Wilona@yopmail.com	doctor
578	Mara	Jacobah	Mara.Jacobah@yopmail.com	worker
579	Gusella	Vastah	Gusella.Vastah@yopmail.com	doctor
580	Hermione	Noman	Hermione.Noman@yopmail.com	developer
581	Angela	Aaberg	Angela.Aaberg@yopmail.com	developer
582	Mallory	Mehalek	Mallory.Mehalek@yopmail.com	doctor
583	Meriel	Trinetta	Meriel.Trinetta@yopmail.com	worker
584	Noelle	Marlie	Noelle.Marlie@yopmail.com	worker
585	Kirbee	Fax	Kirbee.Fax@yopmail.com	police officer
586	Phylis	Chauncey	Phylis.Chauncey@yopmail.com	worker
587	Christal	Henebry	Christal.Henebry@yopmail.com	worker
588	Allis	McCutcheon	Allis.McCutcheon@yopmail.com	developer
589	Meghann	Cavan	Meghann.Cavan@yopmail.com	doctor
590	Sheree	Koehler	Sheree.Koehler@yopmail.com	developer
591	Heida	Carolin	Heida.Carolin@yopmail.com	worker
592	Ermengarde	Waldron	Ermengarde.Waldron@yopmail.com	developer
593	Ardenia	Joni	Ardenia.Joni@yopmail.com	firefighter
594	Deane	Dudley	Deane.Dudley@yopmail.com	doctor
595	Teddie	Argus	Teddie.Argus@yopmail.com	worker
596	Nickie	Wallis	Nickie.Wallis@yopmail.com	worker
597	Babita	Breed	Babita.Breed@yopmail.com	police officer
598	Sybille	Azeria	Sybille.Azeria@yopmail.com	developer
599	Karolina	Roscoe	Karolina.Roscoe@yopmail.com	police officer
600	Allyce	Kare	Allyce.Kare@yopmail.com	firefighter
601	Lizzie	Vorster	Lizzie.Vorster@yopmail.com	worker
602	Shirlee	Grimbly	Shirlee.Grimbly@yopmail.com	doctor
603	Romona	Stevy	Romona.Stevy@yopmail.com	worker
604	Marcy	Tufts	Marcy.Tufts@yopmail.com	developer
605	Audrie	Noelyn	Audrie.Noelyn@yopmail.com	worker
606	Eve	Bonucci	Eve.Bonucci@yopmail.com	developer
607	Renae	Malvino	Renae.Malvino@yopmail.com	doctor
608	Janis	Seumas	Janis.Seumas@yopmail.com	worker
609	Amii	Newell	Amii.Newell@yopmail.com	worker
610	Lexine	Kenney	Lexine.Kenney@yopmail.com	police officer
611	Kellen	Waldron	Kellen.Waldron@yopmail.com	doctor
612	Meg	Monaco	Meg.Monaco@yopmail.com	worker
613	Lilith	Margarete	Lilith.Margarete@yopmail.com	developer
614	Odessa	Pitt	Odessa.Pitt@yopmail.com	police officer
615	Bee	Tryck	Bee.Tryck@yopmail.com	doctor
616	Cathie	Cecile	Cathie.Cecile@yopmail.com	worker
617	Nannie	Schlosser	Nannie.Schlosser@yopmail.com	worker
618	Sophia	Mott	Sophia.Mott@yopmail.com	doctor
619	June	Mathilde	June.Mathilde@yopmail.com	doctor
620	Lucy	Lunsford	Lucy.Lunsford@yopmail.com	worker
621	Kellen	Boehike	Kellen.Boehike@yopmail.com	worker
622	Talya	Anyah	Talya.Anyah@yopmail.com	doctor
623	Bernardine	Helfand	Bernardine.Helfand@yopmail.com	firefighter
624	Katuscha	Corrine	Katuscha.Corrine@yopmail.com	developer
625	Jacquetta	Robertson	Jacquetta.Robertson@yopmail.com	developer
626	Felice	Garrison	Felice.Garrison@yopmail.com	police officer
627	Paule	Yam	Paule.Yam@yopmail.com	worker
628	Christian	Himelman	Christian.Himelman@yopmail.com	worker
629	Dorice	Klemperer	Dorice.Klemperer@yopmail.com	firefighter
630	Jillayne	Wooster	Jillayne.Wooster@yopmail.com	worker
631	Brena	Halla	Brena.Halla@yopmail.com	worker
632	Charmaine	Erlandson	Charmaine.Erlandson@yopmail.com	worker
633	Jenda	Primalia	Jenda.Primalia@yopmail.com	firefighter
634	Kenna	Flita	Kenna.Flita@yopmail.com	doctor
635	Frieda	Charmine	Frieda.Charmine@yopmail.com	worker
636	Mellicent	Kare	Mellicent.Kare@yopmail.com	developer
637	Emma	Adalbert	Emma.Adalbert@yopmail.com	police officer
638	Neila	Cristi	Neila.Cristi@yopmail.com	police officer
639	Elie	Fillbert	Elie.Fillbert@yopmail.com	police officer
640	Fernande	Elisha	Fernande.Elisha@yopmail.com	developer
641	Kaja	Verger	Kaja.Verger@yopmail.com	firefighter
642	Yolane	Halla	Yolane.Halla@yopmail.com	police officer
643	Helsa	Solitta	Helsa.Solitta@yopmail.com	police officer
644	Vevay	Trace	Vevay.Trace@yopmail.com	doctor
645	Clary	Schroth	Clary.Schroth@yopmail.com	doctor
646	Patricia	Paton	Patricia.Paton@yopmail.com	worker
647	Corene	Jeanne	Corene.Jeanne@yopmail.com	developer
648	Verla	Lea	Verla.Lea@yopmail.com	doctor
649	Tamqrah	Maryanne	Tamqrah.Maryanne@yopmail.com	police officer
650	Di	Lemuela	Di.Lemuela@yopmail.com	police officer
651	Jacenta	Edison	Jacenta.Edison@yopmail.com	police officer
652	Roseline	Jethro	Roseline.Jethro@yopmail.com	developer
653	Tori	Hathaway	Tori.Hathaway@yopmail.com	firefighter
654	Jaclyn	Alcott	Jaclyn.Alcott@yopmail.com	worker
655	Caressa	Rosemary	Caressa.Rosemary@yopmail.com	doctor
656	Fayre	Pandolfi	Fayre.Pandolfi@yopmail.com	doctor
657	Nollie	Koziara	Nollie.Koziara@yopmail.com	doctor
658	Ellette	Waldron	Ellette.Waldron@yopmail.com	worker
659	Mureil	Rheingold	Mureil.Rheingold@yopmail.com	doctor
660	Xylina	Anselmi	Xylina.Anselmi@yopmail.com	doctor
661	Celisse	Talia	Celisse.Talia@yopmail.com	firefighter
662	Isa	Sholley	Isa.Sholley@yopmail.com	police officer
663	Gusella	Hylan	Gusella.Hylan@yopmail.com	firefighter
664	Evaleen	Dudley	Evaleen.Dudley@yopmail.com	worker
665	Isa	Pozzy	Isa.Pozzy@yopmail.com	developer
666	Kial	Dahlia	Kial.Dahlia@yopmail.com	developer
667	Fawne	Sundin	Fawne.Sundin@yopmail.com	worker
668	Mureil	Ummersen	Mureil.Ummersen@yopmail.com	firefighter
669	Nelle	Sholley	Nelle.Sholley@yopmail.com	doctor
670	Bertine	Cristi	Bertine.Cristi@yopmail.com	police officer
671	Augustine	Weinreb	Augustine.Weinreb@yopmail.com	worker
672	Sashenka	Leary	Sashenka.Leary@yopmail.com	worker
673	Jessamyn	Sherfield	Jessamyn.Sherfield@yopmail.com	police officer
674	Danny	Arne	Danny.Arne@yopmail.com	doctor
675	Carolina	Skurnik	Carolina.Skurnik@yopmail.com	worker
676	Vivia	Suk	Vivia.Suk@yopmail.com	police officer
677	Leanna	Oneida	Leanna.Oneida@yopmail.com	developer
678	Verla	Trace	Verla.Trace@yopmail.com	developer
679	Lynnea	Gherardo	Lynnea.Gherardo@yopmail.com	police officer
680	Jere	Iiette	Jere.Iiette@yopmail.com	doctor
681	Lucille	Yate	Lucille.Yate@yopmail.com	worker
682	Dominga	Maryanne	Dominga.Maryanne@yopmail.com	police officer
683	Rhea	Helve	Rhea.Helve@yopmail.com	doctor
684	Natka	Silvan	Natka.Silvan@yopmail.com	doctor
685	Karena	Shelba	Karena.Shelba@yopmail.com	police officer
686	Althea	Vins	Althea.Vins@yopmail.com	police officer
687	Shandie	McClimans	Shandie.McClimans@yopmail.com	doctor
688	Hallie	Rubie	Hallie.Rubie@yopmail.com	firefighter
689	Donetta	Pernick	Donetta.Pernick@yopmail.com	doctor
690	Rhea	Even	Rhea.Even@yopmail.com	police officer
691	Farrah	Amadas	Farrah.Amadas@yopmail.com	police officer
692	Brandise	Eliathas	Brandise.Eliathas@yopmail.com	worker
693	Gerrie	Malanie	Gerrie.Malanie@yopmail.com	worker
694	Riannon	Thornburg	Riannon.Thornburg@yopmail.com	worker
695	Jacquetta	Grayce	Jacquetta.Grayce@yopmail.com	firefighter
696	Collen	Francyne	Collen.Francyne@yopmail.com	firefighter
697	Sandie	Geffner	Sandie.Geffner@yopmail.com	doctor
698	Bee	Chrystel	Bee.Chrystel@yopmail.com	developer
699	Codie	Maryanne	Codie.Maryanne@yopmail.com	developer
700	Danny	Arne	Danny.Arne@yopmail.com	doctor
701	Kamilah	Allare	Kamilah.Allare@yopmail.com	police officer
702	Dode	Bashemeth	Dode.Bashemeth@yopmail.com	worker
703	Chere	Rhu	Chere.Rhu@yopmail.com	developer
704	Winny	Audly	Winny.Audly@yopmail.com	worker
705	Nannie	Hartnett	Nannie.Hartnett@yopmail.com	developer
706	Sonni	Merell	Sonni.Merell@yopmail.com	developer
707	Daphne	Amadas	Daphne.Amadas@yopmail.com	worker
708	Bernardine	Pip	Bernardine.Pip@yopmail.com	police officer
709	Imojean	Federica	Imojean.Federica@yopmail.com	doctor
710	Teddie	Tippets	Teddie.Tippets@yopmail.com	firefighter
711	Tonia	Edvard	Tonia.Edvard@yopmail.com	developer
712	Lucy	Anestassia	Lucy.Anestassia@yopmail.com	developer
713	Rayna	Carlson	Rayna.Carlson@yopmail.com	police officer
714	Shirlee	Fennessy	Shirlee.Fennessy@yopmail.com	developer
715	Peri	Felizio	Peri.Felizio@yopmail.com	doctor
716	Lynnea	Strephon	Lynnea.Strephon@yopmail.com	doctor
717	Hallie	Jena	Hallie.Jena@yopmail.com	developer
718	Lolita	Mayeda	Lolita.Mayeda@yopmail.com	firefighter
719	Anestassia	Noam	Anestassia.Noam@yopmail.com	police officer
720	Romona	Goth	Romona.Goth@yopmail.com	police officer
721	Jackie	Esmaria	Jackie.Esmaria@yopmail.com	police officer
722	Ulrike	Anderea	Ulrike.Anderea@yopmail.com	developer
723	Tomasina	O'Neill	Tomasina.O'Neill@yopmail.com	doctor
724	Amelia	Stuart	Amelia.Stuart@yopmail.com	police officer
725	Brianna	Reidar	Brianna.Reidar@yopmail.com	developer
726	Ernesta	Bates	Ernesta.Bates@yopmail.com	police officer
727	Gretal	Rustice	Gretal.Rustice@yopmail.com	worker
728	Katharina	Grimbly	Katharina.Grimbly@yopmail.com	police officer
729	Felice	Karylin	Felice.Karylin@yopmail.com	doctor
730	Phedra	Roche	Phedra.Roche@yopmail.com	worker
731	Nadine	Afton	Nadine.Afton@yopmail.com	police officer
732	Rori	Regan	Rori.Regan@yopmail.com	worker
733	Sabina	Dalli	Sabina.Dalli@yopmail.com	doctor
734	Dominga	Gaulin	Dominga.Gaulin@yopmail.com	police officer
735	Nelle	Zina	Nelle.Zina@yopmail.com	police officer
736	Briney	Weinreb	Briney.Weinreb@yopmail.com	police officer
737	Rayna	Jefferey	Rayna.Jefferey@yopmail.com	developer
738	Dode	Vittoria	Dode.Vittoria@yopmail.com	worker
739	Sallie	Leary	Sallie.Leary@yopmail.com	doctor
740	Johna	Muriel	Johna.Muriel@yopmail.com	worker
741	Agathe	Whiffen	Agathe.Whiffen@yopmail.com	doctor
742	Amara	Camden	Amara.Camden@yopmail.com	firefighter
743	Candy	Linehan	Candy.Linehan@yopmail.com	firefighter
744	Lily	Tayib	Lily.Tayib@yopmail.com	developer
745	Shell	Ralfston	Shell.Ralfston@yopmail.com	police officer
746	Lusa	Linskey	Lusa.Linskey@yopmail.com	police officer
747	Nessie	Hilbert	Nessie.Hilbert@yopmail.com	doctor
748	Meghann	Jammal	Meghann.Jammal@yopmail.com	worker
749	Lolita	Emanuel	Lolita.Emanuel@yopmail.com	firefighter
750	Carree	Jary	Carree.Jary@yopmail.com	police officer
751	Gerrie	Abbot	Gerrie.Abbot@yopmail.com	developer
752	Frieda	Ajay	Frieda.Ajay@yopmail.com	developer
753	Tani	Stanwood	Tani.Stanwood@yopmail.com	developer
754	Keelia	Mehalek	Keelia.Mehalek@yopmail.com	worker
755	Jsandye	Muriel	Jsandye.Muriel@yopmail.com	developer
756	Kenna	Rodmann	Kenna.Rodmann@yopmail.com	worker
757	Sean	Gwenore	Sean.Gwenore@yopmail.com	police officer
758	Sara-Ann	Denis	Sara-Ann.Denis@yopmail.com	worker
759	Pollyanna	Goddard	Pollyanna.Goddard@yopmail.com	firefighter
760	Ada	Kaja	Ada.Kaja@yopmail.com	worker
761	Winny	Reidar	Winny.Reidar@yopmail.com	firefighter
762	Elka	Margarete	Elka.Margarete@yopmail.com	firefighter
763	Nessie	Capello	Nessie.Capello@yopmail.com	doctor
764	Andree	Gamaliel	Andree.Gamaliel@yopmail.com	firefighter
765	Moyna	Moina	Moyna.Moina@yopmail.com	firefighter
766	Kaja	Sadowski	Kaja.Sadowski@yopmail.com	doctor
767	Farrah	Myrilla	Farrah.Myrilla@yopmail.com	firefighter
768	Bobbi	Blase	Bobbi.Blase@yopmail.com	doctor
769	Carmencita	My	Carmencita.My@yopmail.com	firefighter
770	Liana	Gusella	Liana.Gusella@yopmail.com	police officer
771	Cherrita	Fredi	Cherrita.Fredi@yopmail.com	worker
772	Shirlee	Ophelia	Shirlee.Ophelia@yopmail.com	doctor
773	Hollie	Sinegold	Hollie.Sinegold@yopmail.com	doctor
774	Tierney	Darbie	Tierney.Darbie@yopmail.com	worker
775	Ida	Gregrory	Ida.Gregrory@yopmail.com	police officer
776	Trudie	Mata	Trudie.Mata@yopmail.com	doctor
777	Josephine	Wolfgram	Josephine.Wolfgram@yopmail.com	doctor
778	Cyndie	Afton	Cyndie.Afton@yopmail.com	police officer
779	Belva	Edison	Belva.Edison@yopmail.com	doctor
780	Eadie	Grayce	Eadie.Grayce@yopmail.com	worker
781	Mara	Adore	Mara.Adore@yopmail.com	police officer
782	Regina	Hathaway	Regina.Hathaway@yopmail.com	firefighter
783	Anthia	Melleta	Anthia.Melleta@yopmail.com	firefighter
784	Karina	Orlene	Karina.Orlene@yopmail.com	worker
785	Jsandye	Solitta	Jsandye.Solitta@yopmail.com	worker
786	Tina	Maribeth	Tina.Maribeth@yopmail.com	police officer
787	Dorthy	Guthrie	Dorthy.Guthrie@yopmail.com	police officer
788	Asia	Zina	Asia.Zina@yopmail.com	developer
789	Ninnetta	Gemini	Ninnetta.Gemini@yopmail.com	doctor
790	Tomasina	Sothena	Tomasina.Sothena@yopmail.com	firefighter
791	Johna	Wooster	Johna.Wooster@yopmail.com	developer
792	Jasmina	Darbie	Jasmina.Darbie@yopmail.com	worker
793	Mellicent	Nance	Mellicent.Nance@yopmail.com	doctor
794	Krystle	Waite	Krystle.Waite@yopmail.com	police officer
795	Felice	Sancho	Felice.Sancho@yopmail.com	police officer
796	Susette	Thad	Susette.Thad@yopmail.com	police officer
797	Maurene	Hermes	Maurene.Hermes@yopmail.com	firefighter
798	Ida	Tice	Ida.Tice@yopmail.com	worker
799	Gusella	Wu	Gusella.Wu@yopmail.com	doctor
800	Meghann	Ingra	Meghann.Ingra@yopmail.com	firefighter
801	Amara	Standing	Amara.Standing@yopmail.com	worker
802	Helena	Tacye	Helena.Tacye@yopmail.com	police officer
803	Lolita	Nahum	Lolita.Nahum@yopmail.com	doctor
804	Kayla	Roscoe	Kayla.Roscoe@yopmail.com	worker
805	Kimmy	Harriman	Kimmy.Harriman@yopmail.com	worker
806	Lilith	Cherianne	Lilith.Cherianne@yopmail.com	developer
807	Tatiania	Hunfredo	Tatiania.Hunfredo@yopmail.com	doctor
808	Korrie	Aurelio	Korrie.Aurelio@yopmail.com	police officer
809	Kellen	Toor	Kellen.Toor@yopmail.com	developer
810	Lila	Oscar	Lila.Oscar@yopmail.com	developer
811	Ernesta	Ranjiv	Ernesta.Ranjiv@yopmail.com	worker
812	Donetta	Stephie	Donetta.Stephie@yopmail.com	worker
813	Tonia	Stephie	Tonia.Stephie@yopmail.com	police officer
814	Mureil	Mata	Mureil.Mata@yopmail.com	worker
815	Max	Ardeha	Max.Ardeha@yopmail.com	police officer
816	Ilse	Delacourt	Ilse.Delacourt@yopmail.com	developer
817	Delilah	Hepsibah	Delilah.Hepsibah@yopmail.com	worker
818	Pollyanna	Thomasina	Pollyanna.Thomasina@yopmail.com	doctor
819	Dyann	Vastah	Dyann.Vastah@yopmail.com	developer
820	Florencia	Rodmann	Florencia.Rodmann@yopmail.com	police officer
821	Bernardine	Bigner	Bernardine.Bigner@yopmail.com	doctor
822	Ulrike	Jeanne	Ulrike.Jeanne@yopmail.com	firefighter
823	Annice	Euridice	Annice.Euridice@yopmail.com	police officer
824	Glenda	Gladstone	Glenda.Gladstone@yopmail.com	doctor
825	Di	Dannye	Di.Dannye@yopmail.com	police officer
826	Kelly	Infield	Kelly.Infield@yopmail.com	worker
827	Brana	Stacy	Brana.Stacy@yopmail.com	developer
828	Lanna	Cosenza	Lanna.Cosenza@yopmail.com	police officer
829	Madeleine	Rugen	Madeleine.Rugen@yopmail.com	doctor
830	Nollie	Larochelle	Nollie.Larochelle@yopmail.com	doctor
831	Yetty	Genna	Yetty.Genna@yopmail.com	firefighter
832	Norine	Albertine	Norine.Albertine@yopmail.com	police officer
833	Malina	Sprage	Malina.Sprage@yopmail.com	firefighter
834	Ira	Joachim	Ira.Joachim@yopmail.com	worker
835	Nannie	Faria	Nannie.Faria@yopmail.com	police officer
836	Jobi	Bobbee	Jobi.Bobbee@yopmail.com	police officer
837	Bee	Ellord	Bee.Ellord@yopmail.com	police officer
838	Shell	Creamer	Shell.Creamer@yopmail.com	police officer
839	Randa	Rhu	Randa.Rhu@yopmail.com	firefighter
840	Tierney	Sekofski	Tierney.Sekofski@yopmail.com	police officer
841	Bobbi	Izaak	Bobbi.Izaak@yopmail.com	doctor
842	Hermione	Lauraine	Hermione.Lauraine@yopmail.com	doctor
843	Letizia	Hedve	Letizia.Hedve@yopmail.com	doctor
844	Stephanie	Docilla	Stephanie.Docilla@yopmail.com	doctor
845	Delilah	Merat	Delilah.Merat@yopmail.com	doctor
846	Heddie	Pettiford	Heddie.Pettiford@yopmail.com	doctor
847	Allyce	Marcellus	Allyce.Marcellus@yopmail.com	firefighter
848	Hannis	Thornburg	Hannis.Thornburg@yopmail.com	developer
849	Aigneis	Naashom	Aigneis.Naashom@yopmail.com	police officer
850	Hayley	Percy	Hayley.Percy@yopmail.com	developer
851	Marsiella	Dom	Marsiella.Dom@yopmail.com	worker
852	Annecorinne	Loleta	Annecorinne.Loleta@yopmail.com	police officer
853	Dotty	Kosey	Dotty.Kosey@yopmail.com	developer
854	Babita	Baptlsta	Babita.Baptlsta@yopmail.com	police officer
855	Lila	Lenny	Lila.Lenny@yopmail.com	developer
856	Edee	Pyle	Edee.Pyle@yopmail.com	police officer
857	Maryellen	Henrie	Maryellen.Henrie@yopmail.com	developer
858	Cindelyn	Lasley	Cindelyn.Lasley@yopmail.com	doctor
859	Minda	Clie	Minda.Clie@yopmail.com	worker
860	Monika	Guthrie	Monika.Guthrie@yopmail.com	developer
861	Ermengarde	Haldas	Ermengarde.Haldas@yopmail.com	firefighter
862	Dode	Arvo	Dode.Arvo@yopmail.com	developer
863	Jorry	Evangelia	Jorry.Evangelia@yopmail.com	doctor
864	Carilyn	Fleeta	Carilyn.Fleeta@yopmail.com	police officer
865	Bertine	Swanhildas	Bertine.Swanhildas@yopmail.com	worker
866	Merry	Selway	Merry.Selway@yopmail.com	developer
867	Millie	Raychel	Millie.Raychel@yopmail.com	developer
868	Jacquetta	Morgun	Jacquetta.Morgun@yopmail.com	developer
869	Sandie	Doig	Sandie.Doig@yopmail.com	doctor
870	Jobi	Rebecka	Jobi.Rebecka@yopmail.com	police officer
871	Gaylene	Gabrielli	Gaylene.Gabrielli@yopmail.com	firefighter
872	Jackie	Even	Jackie.Even@yopmail.com	worker
873	Stevana	Voletta	Stevana.Voletta@yopmail.com	developer
874	Talya	Meter	Talya.Meter@yopmail.com	developer
875	Verla	Felizio	Verla.Felizio@yopmail.com	police officer
876	Elise	Bord	Elise.Bord@yopmail.com	police officer
877	Ketti	Dawkins	Ketti.Dawkins@yopmail.com	firefighter
878	Dulcinea	Bollay	Dulcinea.Bollay@yopmail.com	worker
879	Briney	Seagraves	Briney.Seagraves@yopmail.com	firefighter
880	Chrystel	Stav	Chrystel.Stav@yopmail.com	worker
881	Nikki	Breed	Nikki.Breed@yopmail.com	worker
882	Bernardine	Adalbert	Bernardine.Adalbert@yopmail.com	firefighter
883	Winifred	Franza	Winifred.Franza@yopmail.com	firefighter
884	Gabi	Deegan	Gabi.Deegan@yopmail.com	developer
885	Lorie	Gwenore	Lorie.Gwenore@yopmail.com	police officer
886	Roslyn	Cimbura	Roslyn.Cimbura@yopmail.com	firefighter
887	Angelique	Thornburg	Angelique.Thornburg@yopmail.com	firefighter
888	Ebonee	Toni	Ebonee.Toni@yopmail.com	doctor
889	Florie	Erich	Florie.Erich@yopmail.com	doctor
890	Vivia	Vittoria	Vivia.Vittoria@yopmail.com	developer
891	Beatriz	Maurine	Beatriz.Maurine@yopmail.com	police officer
892	Marnia	Persse	Marnia.Persse@yopmail.com	worker
893	Marika	McGrody	Marika.McGrody@yopmail.com	doctor
894	Fina	Masao	Fina.Masao@yopmail.com	worker
895	Corly	Gaulin	Corly.Gaulin@yopmail.com	doctor
896	Florencia	Devlen	Florencia.Devlen@yopmail.com	firefighter
897	Mathilda	Allys	Mathilda.Allys@yopmail.com	worker
898	Maridel	Zitvaa	Maridel.Zitvaa@yopmail.com	worker
899	Vonny	Harl	Vonny.Harl@yopmail.com	police officer
900	Jacquetta	Rhu	Jacquetta.Rhu@yopmail.com	worker
901	Deirdre	Ellord	Deirdre.Ellord@yopmail.com	worker
902	Cissiee	Delila	Cissiee.Delila@yopmail.com	firefighter
903	Rori	Merat	Rori.Merat@yopmail.com	developer
904	Larine	Pauly	Larine.Pauly@yopmail.com	developer
905	Binny	Jethro	Binny.Jethro@yopmail.com	police officer
906	Gloria	Jacobah	Gloria.Jacobah@yopmail.com	doctor
907	Catharine	Sherrie	Catharine.Sherrie@yopmail.com	doctor
908	Charissa	Havens	Charissa.Havens@yopmail.com	doctor
909	Christal	Wu	Christal.Wu@yopmail.com	firefighter
910	Sissy	Candy	Sissy.Candy@yopmail.com	firefighter
911	Kathy	Honoria	Kathy.Honoria@yopmail.com	firefighter
912	Paola	Uird	Paola.Uird@yopmail.com	worker
913	Jerry	Wandie	Jerry.Wandie@yopmail.com	worker
914	Hildegaard	Alabaster	Hildegaard.Alabaster@yopmail.com	doctor
915	Nyssa	O'Carroll	Nyssa.O'Carroll@yopmail.com	doctor
916	Corly	Sholley	Corly.Sholley@yopmail.com	worker
917	Corly	Sawtelle	Corly.Sawtelle@yopmail.com	police officer
918	Oona	Dorcy	Oona.Dorcy@yopmail.com	developer
919	Arlena	Carvey	Arlena.Carvey@yopmail.com	worker
920	Ilse	Bow	Ilse.Bow@yopmail.com	worker
921	Joelly	Wiener	Joelly.Wiener@yopmail.com	police officer
922	Nataline	Denis	Nataline.Denis@yopmail.com	developer
923	Clo	Evvie	Clo.Evvie@yopmail.com	worker
924	Kassey	Gahl	Kassey.Gahl@yopmail.com	firefighter
925	Kristan	Ephrem	Kristan.Ephrem@yopmail.com	doctor
926	Karlee	Sisile	Karlee.Sisile@yopmail.com	firefighter
927	Romona	Schwejda	Romona.Schwejda@yopmail.com	worker
928	Ileana	Trey	Ileana.Trey@yopmail.com	firefighter
929	Oralee	Buttaro	Oralee.Buttaro@yopmail.com	doctor
930	Rani	Dawkins	Rani.Dawkins@yopmail.com	firefighter
931	Petronia	Pozzy	Petronia.Pozzy@yopmail.com	doctor
932	Edee	Louanna	Edee.Louanna@yopmail.com	firefighter
933	Rivalee	Nester	Rivalee.Nester@yopmail.com	developer
934	Elmira	Kaja	Elmira.Kaja@yopmail.com	developer
935	Sonni	Capello	Sonni.Capello@yopmail.com	police officer
936	Konstance	Taima	Konstance.Taima@yopmail.com	developer
937	Candi	Karl	Candi.Karl@yopmail.com	firefighter
938	Julieta	Weitman	Julieta.Weitman@yopmail.com	police officer
939	Janis	Matthew	Janis.Matthew@yopmail.com	firefighter
940	Sashenka	Trace	Sashenka.Trace@yopmail.com	developer
941	Wilma	Forrer	Wilma.Forrer@yopmail.com	police officer
942	Estell	Paton	Estell.Paton@yopmail.com	firefighter
943	Max	Suzetta	Max.Suzetta@yopmail.com	developer
944	Kerrin	Sisile	Kerrin.Sisile@yopmail.com	firefighter
945	Sam	Engdahl	Sam.Engdahl@yopmail.com	firefighter
946	Tracey	Presber	Tracey.Presber@yopmail.com	firefighter
947	Leanna	Cosenza	Leanna.Cosenza@yopmail.com	worker
948	Mahalia	Jaylene	Mahalia.Jaylene@yopmail.com	worker
949	Norine	Obed	Norine.Obed@yopmail.com	worker
950	Imojean	Fiester	Imojean.Fiester@yopmail.com	police officer
951	Meg	Hoenack	Meg.Hoenack@yopmail.com	police officer
952	Robinia	Keily	Robinia.Keily@yopmail.com	doctor
953	Ellette	Roxanna	Ellette.Roxanna@yopmail.com	developer
954	Melina	Weaks	Melina.Weaks@yopmail.com	doctor
955	Alameda	Ajay	Alameda.Ajay@yopmail.com	doctor
956	Almeta	Harriman	Almeta.Harriman@yopmail.com	police officer
957	Ana	Beniamino	Ana.Beniamino@yopmail.com	firefighter
958	Sibella	Darrell	Sibella.Darrell@yopmail.com	developer
959	Kathi	Zeeba	Kathi.Zeeba@yopmail.com	worker
960	Gabi	Sparhawk	Gabi.Sparhawk@yopmail.com	firefighter
961	Noelle	Miru	Noelle.Miru@yopmail.com	developer
962	Bettine	Trey	Bettine.Trey@yopmail.com	police officer
963	Daune	Gino	Daune.Gino@yopmail.com	firefighter
964	Renae	Sacken	Renae.Sacken@yopmail.com	police officer
965	Talya	Christine	Talya.Christine@yopmail.com	police officer
966	Winifred	Lorenz	Winifred.Lorenz@yopmail.com	police officer
967	Merci	Jorgan	Merci.Jorgan@yopmail.com	developer
968	Ann-Marie	McGrody	Ann-Marie.McGrody@yopmail.com	developer
969	Hollie	Rosemary	Hollie.Rosemary@yopmail.com	worker
970	Sashenka	Delacourt	Sashenka.Delacourt@yopmail.com	police officer
971	Cassandra	Croix	Cassandra.Croix@yopmail.com	doctor
972	Ada	Stanwood	Ada.Stanwood@yopmail.com	firefighter
973	Gerianna	Lemuela	Gerianna.Lemuela@yopmail.com	worker
974	Agathe	Doig	Agathe.Doig@yopmail.com	worker
975	Nannie	Louanna	Nannie.Louanna@yopmail.com	developer
976	Zsa Zsa	Redmond	Zsa Zsa.Redmond@yopmail.com	worker
977	Suzette	Janith	Suzette.Janith@yopmail.com	doctor
978	Kimberley	O'Neill	Kimberley.O'Neill@yopmail.com	firefighter
979	Tierney	Fax	Tierney.Fax@yopmail.com	police officer
980	Anica	Anyah	Anica.Anyah@yopmail.com	doctor
981	Yetty	Carmena	Yetty.Carmena@yopmail.com	worker
982	Zsa Zsa	Fitzsimmons	Zsa Zsa.Fitzsimmons@yopmail.com	firefighter
983	Ricky	Gherardo	Ricky.Gherardo@yopmail.com	doctor
984	Winifred	Anderea	Winifred.Anderea@yopmail.com	developer
985	Chastity	Presber	Chastity.Presber@yopmail.com	developer
986	Carree	Bendick	Carree.Bendick@yopmail.com	developer
987	Mellicent	Celestine	Mellicent.Celestine@yopmail.com	worker
988	Adore	Moseley	Adore.Moseley@yopmail.com	worker
989	Hettie	O'Carroll	Hettie.O'Carroll@yopmail.com	developer
990	Romona	Linskey	Romona.Linskey@yopmail.com	police officer
991	Millie	Lumbard	Millie.Lumbard@yopmail.com	doctor
992	Claudina	Oneida	Claudina.Oneida@yopmail.com	doctor
993	Rosanne	Anderea	Rosanne.Anderea@yopmail.com	doctor
994	Flory	Hillel	Flory.Hillel@yopmail.com	police officer
995	Julieta	Salchunas	Julieta.Salchunas@yopmail.com	worker
996	Riannon	Jorgan	Riannon.Jorgan@yopmail.com	developer
997	Bill	Jeanne	Bill.Jeanne@yopmail.com	developer
998	Ada	Baudin	Ada.Baudin@yopmail.com	police officer
999	Barbara	Egbert	Barbara.Egbert@yopmail.com	worker
1000	Josephine	Randene	Josephine.Randene@yopmail.com	doctor
